no,est_name,council,EWA,CLA,p_IA,mean_depth,STP,R12,TEV,MCI,SCI,R12_TEV,STP_TEV,CLA_EWA,EE,est.class
0,Tapotupotu Bay,NRC,242135,13.54,0.9,3.3,557185,22252,797044,0.09,0.30,0.028,0.699,55.9,0.00,D
1,Waitahora Stream,NRC,206589,5.97,0.0,1.0,0,9832,206506,0.00,0.30,0.048,0.000,28.9,0.00,A
2,Parengarenga Harbour System,NRC,64769535,223.68,82.0,1.7,74683095,385353,109524603,0.01,0.15,0.004,0.682,3.5,0.00,F
3,Houhora Harbour,NRC,13201725,131.94,87.1,1.5,14648771,230160,19560356,0.01,0.43,0.012,0.749,10.0,0.00,E
4,Rangaunu Harbour,NRC,101709220,551.91,77.9,2.4,122167882,1133197,248188694,0.01,0.28,0.005,0.492,5.4,0.00,F
5,Matai Bay,NRC,2244895,3.09,6.5,9.0,4217028,5323,20270627,0.14,0.54,0.000,0.208,1.4,0.00,D
6,Awapoko River,NRC,621457,89.20,47.5,2.5,928354,195349,1581009,0.01,0.13,0.124,0.587,143.5,0.00,F
7,Taipa River,NRC,1546948,125.96,52.4,2.4,2234740,292069,3706197,0.00,0.19,0.079,0.603,81.4,0.00,F
8,Mangonui Harbour,NRC,8685508,75.62,68.0,1.4,11218376,171150,11929984,0.01,0.24,0.014,0.940,8.7,0.00,F
9,Takerau Bay,NRC,236442,1.08,1.3,6.3,456821,2265,1490234,0.24,0.75,0.002,0.307,4.6,0.00,D
10,Taemaro Bay,NRC,703611,4.42,3.0,5.3,1345496,9487,3726052,0.17,0.69,0.003,0.361,6.3,0.00,D
11,Waimahana Bay,NRC,215371,7.30,8.0,5.5,401044,15957,1193351,0.11,0.80,0.013,0.336,33.9,0.00,D
13,Whangaihe Bay,NRC,204080,2.20,2.9,4.8,389449,4665,983997,0.14,0.75,0.005,0.396,10.8,0.00,D
14,Mahinepua Bay,NRC,496006,6.85,2.5,3.2,947726,14449,1596911,0.19,0.77,0.009,0.593,13.8,0.00,D
15,Takou River,NRC,589550,73.05,57.1,1.8,811887,175315,1064981,0.06,0.29,0.165,0.762,123.9,0.00,F
16,Tahoranui River,NRC,254657,26.92,24.9,2.4,429703,65726,621026,0.09,0.27,0.106,0.692,105.7,0.00,F
17,Tapuaetahi Creek,NRC,381743,12.42,84.3,1.3,425482,27894,485568,0.07,0.31,0.057,0.876,32.5,0.00,E
18,Te Puna /Kerikeri Inlet System,NRC,35776929,258.48,11.4,4.9,64786580,711342,175541487,0.01,0.16,0.004,0.369,7.2,0.00,F
19,Opua Inlet System,NRC,52132097,953.32,20.2,3.9,90004189,2450404,201871822,0.02,0.11,0.012,0.446,18.3,0.00,F
20,Paroa Bay,NRC,1660007,4.36,27.3,2.8,2755026,9827,4652984,0.06,0.43,0.002,0.592,2.6,0.00,E
21,Manawaora Bay,NRC,6575097,10.81,7.5,5.9,12159634,24466,38744602,0.09,0.46,0.001,0.314,1.6,0.00,D
22,Parekura Bay,NRC,3581209,23.21,37.0,4.2,5605251,52455,14893034,0.05,0.45,0.004,0.376,6.5,0.00,E
23,Omakiwi Cove,NRC,375366,0.34,7.9,4.4,691874,765,1664974,0.22,0.83,0.000,0.416,0.9,0.00,D
24,Oke Bay,NRC,670155,0.76,0.9,9.8,1279573,1704,6541153,0.21,0.73,0.000,0.196,1.1,0.00,D
25,Deep Water Cove,NRC,1283662,2.89,0.2,22.3,2453313,6398,28637035,0.18,0.63,0.000,0.086,2.3,0.00,H
26,Outu Bay,NRC,487028,0.66,0.6,10.4,926322,1469,5087988,0.22,0.67,0.000,0.182,1.4,0.00,D
27,Whangamumu Harbour,NRC,2478380,1.67,0.5,16.6,4711274,3752,41029541,0.13,0.47,0.000,0.115,0.7,0.00,D
28,Bland Bay,NRC,3406568,3.82,2.8,5.0,6415453,8552,16993476,0.12,0.55,0.001,0.378,1.1,0.00,D
29,Whangaruru Harbour,NRC,11684453,72.73,25.9,3.8,19897380,179887,44236086,0.03,0.27,0.004,0.450,6.2,0.00,F
30,Helena Bay,NRC,2788789,28.03,3.0,4.4,5262636,75462,12202396,0.12,0.47,0.006,0.431,10.1,0.00,D
31,Mimiwhangata Bay,NRC,3909526,2.98,2.8,5.7,7386532,6808,22294769,0.20,0.64,0.000,0.331,0.8,0.00,D
32,Whananaki Inlet,NRC,2096804,53.95,75.3,1.7,2514250,132079,3550490,0.01,0.30,0.037,0.708,25.7,0.00,E
34,Whangaroa Harbour,NRC,25401380,255.62,32.4,4.3,41307851,697867,109346708,0.00,0.17,0.006,0.378,10.1,0.00,F
35,Ngunguru River,NRC,5124654,86.55,54.7,2.3,7228451,208290,11875487,0.00,0.17,0.018,0.609,16.9,0.00,F
36,Matapouri Bay System,NRC,915553,15.59,61.0,1.7,1223426,35437,1580950,0.05,0.31,0.022,0.774,17.0,0.00,E
37,Matapouri Bay,NRC,417057,0.52,18.9,5.0,725674,1165,2077939,0.18,0.74,0.001,0.349,1.2,0.00,D
38,Matapouri Estuary,NRC,498471,15.08,96.1,1.0,497713,34295,517153,0.01,0.32,0.066,0.962,30.3,0.00,E
39,Tutukaka Harbour,NRC,1004857,4.11,3.7,4.9,1902412,9302,4884170,0.08,0.47,0.002,0.390,4.1,0.00,D
40,Horahora River,NRC,1473736,87.73,69.7,1.6,1862424,206153,2309703,0.00,0.19,0.089,0.806,59.5,0.00,F
41,Patua River,NRC,2813735,45.96,84.6,1.3,3152066,104021,3584537,0.00,0.25,0.029,0.879,16.3,0.00,F
42,Taiharuru River,NRC,3592105,15.66,86.8,1.2,3949736,35443,4425331,0.02,0.22,0.008,0.893,4.4,0.00,F
43,Taiharuru Bay,NRC,217174,0.26,3.3,2.1,416096,588,453651,0.24,0.84,0.001,0.917,1.2,0.00,D
44,Awahoa Bay,NRC,467857,1.35,9.5,2.9,869832,3055,1359689,0.28,0.73,0.002,0.640,2.9,0.00,D
45,Whangarei Harbour System,NRC,103583916,296.96,58.4,4.4,148225378,684499,457556265,0.01,0.18,0.001,0.324,2.9,0.00,F
46,Ruakaka River,NRC,827301,91.61,50.4,2.5,1250387,207483,2070573,0.05,0.17,0.100,0.604,110.7,0.00,F
47,Waipu River,NRC,1548895,227.60,40.6,2.8,2499800,509072,4339888,0.01,0.10,0.117,0.576,146.9,0.00,F
48,Mangawhai Harbour,NRC,4830618,11.70,67.3,2.0,6562592,21967,9718917,0.04,0.20,0.002,0.675,2.4,0.00,F
49,Pakiri River,ARC,89150,31.72,35.2,2.4,155329,71823,213063,0.03,0.29,0.337,0.729,355.8,0.48,B
50,Omaha Cove,ARC,285067,3.68,0.0,7.9,624012,8354,2256953,0.20,0.52,0.004,0.276,12.9,0.00,D
51,Whangateau Harbour,ARC,7460453,42.43,85.4,1.6,9491105,95773,11663589,0.01,0.30,0.008,0.814,5.7,0.00,F
52,Millon Bay,ARC,1017808,5.57,61.6,1.9,1714237,12301,1953712,0.19,0.55,0.006,0.877,5.5,0.00,D
53,Matakana River,ARC,4177585,50.22,76.0,1.1,6318279,114685,4786883,0.02,0.20,0.024,1.320,12.0,0.00,F
78,Mahurangi Harbour System,ARC,24565021,122.16,51.2,2.7,44892812,280320,67261470,0.02,0.20,0.004,0.667,5.0,0.00,F
79,Te Mui-O-Tarariki,ARC,264554,16.55,99.9,1.2,325629,37689,325814,0.02,0.46,0.116,0.999,62.6,0.00,E
80,Puhoi River,ARC,1693119,43.01,70.6,2.2,2697410,97326,3693641,0.00,0.25,0.026,0.730,25.4,0.00,F
81,Waiwera River,ARC,992771,37.89,64.5,2.4,1659432,84502,2364498,0.01,0.30,0.036,0.702,38.2,0.00,F
82,Orewa River,ARC,1280293,28.23,89.0,1.5,1758642,61644,1899475,0.02,0.26,0.032,0.926,22.0,0.00,F
83,Okoromai Bay,ARC,1059101,6.93,27.0,2.7,2310461,10477,2832822,0.20,0.81,0.004,0.816,6.5,0.00,D
84,Hobbs Bay (Gulf Harbour),ARC,237186,3.49,0.0,4.5,601267,6001,1075639,0.15,0.67,0.006,0.559,14.7,0.00,D
85,Weiti River,ARC,2833304,33.33,63.0,1.4,4937928,70414,3960748,0.03,0.21,0.018,1.247,11.8,0.00,F
86,Okura River,ARC,1359335,27.36,79.3,0.6,2089152,54233,861712,0.04,0.31,0.063,2.424,20.1,0.00,E
87,Waitemata Harbour System,ARC,79848102,427.28,36.2,4.3,177003695,887458,341571865,0.01,0.12,0.003,0.518,5.4,0.00,F
88,Tamaki River,ARC,16963199,108.83,40.0,2.9,37427602,186013,49163825,0.02,0.15,0.004,0.761,6.4,0.00,F
89,Whitford Embayment System,ARC,11064418,60.95,81.5,2.3,18516635,104987,25549889,0.07,0.26,0.004,0.725,5.5,0.00,F
90,Mangamangaroa Estuary,ARC,602242,10.01,86.9,1.5,963637,17111,920056,0.09,0.34,0.019,1.047,16.6,0.00,D
91,Turanga Creek,ARC,1493124,27.97,73.6,1.5,2670640,49136,2202889,0.02,0.28,0.022,1.212,18.7,0.00,F
92,Waikopua Creek,ARC,1739241,15.59,100.0,1.2,2463504,26486,2032921,0.11,0.37,0.013,1.212,9.0,0.00,D
93,Wairoa River,ARC,2503260,311.20,42.0,3.5,5774004,637732,8679788,0.03,0.19,0.073,0.665,124.3,0.00,F
94,Firth of Thames System,EW/ARC,729083737,4194.16,15.3,9.4,1924525011,8367134,6865962947,0.08,0.38,0.001,0.280,5.8,0.00,D
95,Miranda Stream,EW,73681,0.63,95.3,1.8,126642,1005,130134,0.13,0.77,0.008,0.973,8.6,0.00,D
96,Waitakaruru River,EW,484292,167.08,63.9,3.0,1092075,271961,1442025,0.09,0.26,0.189,0.757,345.0,0.47,F
97,Piako River,EW,1697671,1461.21,25.6,4.4,4900022,2439637,7426156,0.03,0.16,0.329,0.660,860.7,0.44,B
98,Waihou River,EW,9914351,1980.07,6.7,1.7,31594215,4394084,16446784,0.01,0.15,0.267,1.921,199.7,0.34,B
99,Kauranga River,EW,256609,132.27,55.1,3.3,612254,360249,842741,0.18,0.34,0.427,0.727,515.5,0.66,B
100,Kirita Bay,EW,338963,4.43,9.2,3.1,928268,9240,1065676,0.18,0.79,0.009,0.871,13.1,0.00,D
101,Manaia Harbour,EW,6348868,59.22,76.0,3.2,11080679,168704,20538114,0.06,0.34,0.008,0.540,9.3,0.00,E
102,Te Kouma Harbour,EW,2742733,5.94,45.8,3.7,5915819,13600,10226151,0.05,0.49,0.001,0.578,2.2,0.00,E
103,Coromandel Harbour,EW,25401553,60.28,21.4,5.5,62796785,154014,139671893,0.06,0.49,0.001,0.450,2.4,0.00,E
104,Colville Bay,EW,4598848,42.92,5.1,3.0,11660466,101566,13665726,0.13,0.58,0.007,0.853,9.3,0.00,D
105,Waiaro Estuary,EW,91819,13.79,0.1,3.6,236567,32660,328276,0.04,0.48,0.099,0.721,150.2,0.00,E
106,Stony Bay,EW,1215158,16.51,0.9,8.2,2498637,37752,9982717,0.21,0.64,0.004,0.250,13.6,0.00,D
107,Port Charles,EW,4968842,30.96,1.8,9.3,10050641,70934,46090872,0.18,0.52,0.002,0.218,6.2,0.00,D
108,Waikawau Estuary,EW,239801,27.84,95.0,1.1,242475,63880,254465,0.16,0.42,0.251,0.953,116.1,0.00,C
109,Kennedy Bay System,EW,4879667,56.08,15.2,6.0,8586637,129154,29286184,0.06,0.46,0.004,0.293,11.5,0.00,E
110,Kennedy Bay Estuary,EW,523973,51.39,90.8,1.1,545200,118499,593615,0.04,0.29,0.200,0.918,98.1,0.00,F
111,Whangapoua Harbour,EW,13014569,107.14,79.6,1.3,14902971,274664,17164235,0.02,0.31,0.016,0.868,8.2,0.00,E
112,Mercury Bay System,EW,35711113,510.00,36.3,4.6,50508655,1603076,164248550,0.02,0.14,0.010,0.308,14.3,0.00,F
113,Whitianga Harbour,EW,15495586,450.43,72.3,0.8,17110627,1449472,13026023,0.00,0.13,0.111,1.314,29.1,0.00,F
114,Purangi River,EW,1286710,18.44,95.0,0.5,1167979,46722,622318,0.01,0.31,0.075,1.877,14.3,0.00,E
115,Tairua Harbour,EW,6046969,281.66,51.1,1.3,7702351,952910,7749027,0.01,0.25,0.123,0.994,46.6,0.00,F
116,Wharekawa Harbour,EW,1935498,83.06,85.7,1.1,1888011,269459,2164594,0.04,0.44,0.124,0.872,42.9,0.00,E
117,Whangamata Harbour,EW,4365495,49.55,77.8,1.5,4552366,160719,6488899,0.01,0.34,0.025,0.702,11.4,0.00,E
118,Otahu River,EW,955800,70.12,60.4,1.6,1138659,233431,1516965,0.01,0.22,0.154,0.751,73.4,0.00,F
119,Huruhi Harbour,EW,517243,1.52,9.6,1.9,930518,3163,996016,0.10,0.55,0.003,0.934,2.9,0.00,D
120,Coralie Bay,EW,292780,1.32,17.5,2.7,478382,2715,786567,0.17,0.81,0.003,0.608,4.5,0.00,D
121,Tauranga Harbour System,EBOP,200439588,1299.69,77.0,2.1,211514717,3415721,425300508,0.00,0.15,0.008,0.497,6.5,0.00,F
122,Maketu River,EBOP,2182388,1226.45,58.3,1.6,2638842,3452243,3548243,0.01,0.41,0.973,0.744,562.0,0.46,B
123,Waihi Estuary,EBOP,2640150,414.05,56.8,1.6,3213142,1113586,4353159,0.00,0.33,0.256,0.738,156.8,0.15,C
125,Whakatane River,EBOP,1507392,1771.53,30.5,4.2,2169092,4805620,6359039,0.00,0.15,0.756,0.341,1175.2,0.28,C
126,Ohiwa Harbour,EBOP,26840959,185.62,83.6,1.6,26561008,425573,44190150,0.02,0.21,0.010,0.601,6.9,0.00,F
127,Waiotahi River,EBOP,994756,147.97,68.3,1.8,1114065,360749,1744343,0.02,0.14,0.207,0.639,148.8,0.24,F
128,Waioeka River,Ebop,936378,1172.52,14.0,3.3,1481683,3793540,3093189,0.01,0.13,1.226,0.479,1252.2,0.42,B
129,Waiaua River,EBOP,180124,108.55,59.1,1.6,215979,303384,289650,0.10,0.31,1.047,0.746,602.6,0.27,C
130,Whangaparaoa River,Ebop,157673,181.14,0.0,2.7,261264,520639,418937,0.02,0.18,1.243,0.624,1148.8,0.39,B
131,Wharakahika River,Ebop,49569,154.41,34.1,2.0,66886,411703,99537,0.08,0.27,4.136,0.672,3115.1,0.68,B
132,Karakatuwhero River,Ebop,25152,105.61,0.0,2.6,40895,297587,66045,0.10,0.41,4.506,0.619,4198.9,0.72,B
133,Uawa River,Ebop,1129627,556.60,23.0,2.8,1475920,1276990,3216449,0.01,0.14,0.397,0.459,492.7,0.38,B
134,Pakarae River,Ebop,264347,246.43,0.2,2.4,381278,565690,645017,0.00,0.12,0.877,0.591,932.2,0.40,B
135,Waiomoko River,GRC,118230,74.79,0.0,2.4,170479,172784,288697,0.00,0.16,0.598,0.591,632.6,0.45,B
136,Pouawa River,GRC,58883,44.66,7.9,2.3,81407,91533,135668,0.03,0.52,0.675,0.600,758.5,0.61,B
137,Turanganui River,Ebop,602762,313.83,0.0,1.5,869183,640236,895593,0.01,0.10,0.715,0.971,520.7,0.38,B
138,Waipaoa River,GRC,1073747,585.04,2.3,4.4,1529244,1125912,4675430,0.01,0.19,0.241,0.327,544.9,0.32,F
139,Wherowhero Lagoon,GRC,515405,49.90,23.0,2.0,655772,89292,1052427,0.01,0.29,0.085,0.623,96.8,0.00,F
140,Maraetaha River,GRC,57769,83.58,0.6,2.4,82547,215034,139987,0.02,0.20,1.536,0.590,1446.8,0.41,B
141,Maungawhio Lagoon,GRC,959805,73.63,78.7,1.1,829969,185883,1034215,0.01,0.24,0.180,0.803,76.7,0.00,F
142,Nuhaka River,HBRC,114044,207.06,0.0,2.5,169469,585591,283513,0.01,0.28,2.065,0.598,1815.6,0.40,B
143,Tahaenui River,HBRC,77874,57.56,0.2,1.0,0,147862,77718,0.00,0.21,1.903,0.000,739.1,0.00,A
144,Whakaki Lagoon,HBRC,4749001,43.72,0.0,1.0,0,97015,4749001,0.00,0.54,0.020,0.000,9.2,0.00,A
145,Te Paeroa Lagoon,HBRC,607238,4.06,0.4,1.0,0,8563,604566,0.00,0.47,0.014,0.000,6.7,0.00,A
146,Wairau Lagoon,HBRC,186172,3.65,0.6,1.0,0,7516,185129,0.00,0.40,0.041,0.000,19.6,0.00,A
147,Ohuia Lagoon,HBRC,551842,32.25,0.0,1.0,0,68242,551787,0.00,0.35,0.124,0.000,58.4,0.00,A
148,Wairoa River,HBRC,2498812,311.20,15.6,3.9,3409409,637732,9734902,0.01,0.26,0.066,0.350,124.5,0.30,F
149,Waihua River,HBRC,92920,141.62,0.0,2.5,137315,309449,230207,0.00,0.20,1.344,0.596,1524.1,0.46,B
150,Waikari River,HBRC,137195,328.57,0.1,2.5,202449,650275,339576,0.01,0.19,1.915,0.596,2394.9,0.39,B
151,Aropaoanui River,HBRC,63234,148.90,0.2,1.0,0,325588,63082,0.00,0.32,5.161,0.000,2354.7,0.00,A
152,Ahuriri Estuary,HBRC,2745765,143.51,9.2,0.2,3853629,200405,561571,0.00,0.17,0.357,6.862,52.3,0.00,C
153,Ngaruroro River,HBRC,718823,3381.88,0.0,3.5,1048044,6931812,2485690,0.01,0.16,2.789,0.422,4704.7,0.48,B
154,Mangakuri River,HBRC,27169,111.71,0.0,2.4,37602,183872,64771,0.02,0.38,2.839,0.581,4111.7,0.45,B
155,Pourerere Stream,HBRC,20518,39.49,3.4,2.3,27797,64581,47624,0.03,0.30,1.356,0.584,1924.7,0.41,B
156,Porangahau River,HBRC,2264781.631,845.96,26.4,0.7,0,1430724,1667332,0.00,0.22,0.858,0.000,373.5,0.00,A
157,Akitio River,MWRC,260469,585.21,0.0,2.4,354498,1083358,614967,0.01,0.31,1.762,0.576,2246.8,0.51,B
158,Owahanga River,MWRC,589793,410.63,0.0,2.4,801529,798914,1391322,0.01,0.27,0.574,0.576,696.2,0.46,B
159,Mataikona River,WRC,102670,188.72,0.0,2.4,139426,408308,242096,0.02,0.35,1.687,0.576,1838.1,0.31,B
160,Castlepoint,WRC,285326,10.94,47.5,1.6,293509,18313,443334,0.11,0.68,0.041,0.662,38.3,0.00,D
161,Wharamea River,WRC,118091,530.25,0.0,2.3,158714,917784,276805,0.01,0.36,3.316,0.573,4490.2,0.44,B
162,Motuwaireka Stream,WRC,53854,32.69,15.4,2.1,66593,55208,112132,0.09,0.31,0.492,0.594,607.0,0.38,B
163,Patanui Stream,WRC,27359,46.23,6.6,2.2,35312,77029,60854,0.09,0.36,1.266,0.580,1689.8,0.31,B
164,Pahaoa River,WRC,160577,650.48,0.0,2.3,210195,1163886,370772,0.00,0.29,3.139,0.567,4050.9,0.40,B
165,Oterei River,WRC,71782,65.62,0.0,1.0,0,111425,71782,0.00,0.22,1.552,0.000,914.2,0.00,A
166,Awhea River,WRC,56818,149.33,0.0,1.0,0,276212,56818,0.00,0.26,4.861,0.000,2628.2,0.00,A
167,Lake Onoke,WRC,6653550,3433.30,2.4,3.1,7736470,7774924,20721539,0.00,0.49,0.375,0.373,516.0,0.27,C
168,Wainuiomata River,WRC,40514,133.93,0.0,1.0,0,363330,40514,0.00,0.29,8.968,0.000,3305.8,0.00,A
169,Lake Kohangatera,WRC,213263,32.84,0.3,1.0,0,64306,212559,0.00,0.43,0.303,0.000,154.0,0.00,A
170,Lake Kohangapiripiri,WRC,109815,5.54,1.7,1.0,0,9455,107970,0.00,0.49,0.088,0.000,50.4,0.00,A
171,Wellington Harbour,WRC,85421181,638.62,0.0,16.0,88321085,1862827,1369490185,0.04,0.45,0.001,0.064,7.5,0.00,G
172,Lyall Bay,WRC,2435581,14.23,0.0,8.2,2472115,24121,19926805,0.20,0.77,0.001,0.124,5.8,0.00,D
173,Te Ikaamaru Bay,WRC,703019,6.41,0.0,6.7,415484,10897,4743860,0.34,0.75,0.002,0.088,9.1,0.00,D
174,Ohariu Bay,WRC,441212,75.11,0.0,3.2,290759,128081,1424578,0.35,0.79,0.090,0.204,170.2,0.00,D
175,Titahi Bay,WRC,390948,0.98,0.0,3.2,385084,1631,1264686,0.31,0.77,0.001,0.304,2.5,0.00,D
176,Okupe Lagoon,WRC,78967,1.76,0.2,1.0,0,2250,78777,0.00,0.57,0.029,0.000,22.3,0.00,A
177,Porirua Harbour,WRC,7469203,210.66,10.8,1.3,7413661,394510,9678790,0.03,0.36,0.041,0.766,28.2,0.00,E
178,Waikanae River,WRC,331270,21.23,49.6,1.9,451237,37380,618297,0.11,0.31,0.060,0.730,64.1,0.29,D
180,Waikawa Stream,WRC,111227,76.38,53.7,2.0,170327,152417,221858,0.13,0.30,0.687,0.768,686.7,0.38,B
181,Ohau River,MWRC,282578,183.32,0.0,3.1,601043,489408,883621,0.04,0.30,0.554,0.680,648.7,0.50,B
182,Manawatu River,MWRC,2131037,5887.36,1.9,4.2,4869597,11503469,9050692,0.04,0.25,1.271,0.538,2762.7,0.38,B
183,Rangitikei River,MWRC,393895,3927.61,3.6,4.3,931087,7749821,1690595,0.05,0.26,4.584,0.551,9971.2,0.47,B
184,Turakina River,MWRC,430385,973.39,33.7,2.8,903827,1472473,1189344,0.18,0.33,1.238,0.760,2261.7,0.32,B
185,Whangaehu River,MWRC,434608,1980.54,0.0,4.6,1109554,4187249,1978770,0.00,0.32,2.116,0.561,4557.1,0.43,B
186,Wanganui River,TRC,3222410,7071.84,0.0,2.4,8439492,17502151,7684185,0.01,0.30,2.278,1.098,2194.6,0.51,B
187,Waitotara River,TRC,103513,1172.78,0.0,3.7,284040,2299323,387553,0.06,0.23,5.933,0.733,11329.8,0.24,C
188,Whenuakura River,TRC,139768,473.50,47.3,2.7,309675,865640,383403,0.06,0.30,2.258,0.808,3387.8,0.32,B
189,Patea River,TRC,234400,1053.80,32.5,4.5,573063,2428731,1047793,0.03,0.38,2.318,0.547,4495.7,0.44,B
190,Waiwakaiho River,TRC,87739,140.21,16.9,3.6,246678,615334,319589,0.03,0.25,1.925,0.772,1598.0,0.49,B
191,Waiongana Stream,TRC,78050,160.04,4.5,4.0,234809,462257,309331,0.04,0.30,1.494,0.759,2050.5,0.39,B
192,Waitara River,TRC,419729,1153.67,0.2,5.1,1293504,3943561,2131199,0.02,0.23,1.850,0.607,2748.6,0.44,B
193,Onaero River,TRC,24752,131.43,23.9,3.5,67645,344928,86479,0.06,0.30,3.989,0.782,5309.9,0.43,B
194,Urenui River,TRC,110508,138.15,0.0,4.1,343238,425021,453746,0.00,0.24,0.937,0.756,1250.1,0.40,B
195,Mimi River,TRC,147931,134.92,39.2,3.1,369321,379738,459278,0.08,0.31,0.827,0.804,912.0,0.36,B
196,Tongaporutu River,TRC,442663,272.54,24.6,4.2,1203331,846493,1870689,0.02,0.21,0.453,0.643,615.7,0.26,C
197,Mohakatino River,TRC,70583,129.93,1.5,5.0,216433,381849,355439,0.06,0.41,1.074,0.609,1840.8,0.44,B
198,Mokau River,EW/TRC,1083911,1452.42,0.0,5.1,3343698,3915523,5511303,0.02,0.20,0.710,0.607,1340.0,0.44,B
199,Awakino River,EW,324272,382.01,0.0,5.1,997461,1281390,1646005,0.01,0.14,0.778,0.606,1178.1,0.46,B
200,Waikawau River,EW,32866,16.17,0.0,4.0,99715,40744,132581,0.02,0.19,0.307,0.752,492.0,0.29,C
201,Marakopa River,EW,659518,366.85,13.9,4.5,1837757,1137806,2973975,0.01,0.16,0.383,0.618,556.2,0.42,B
202,Waiharakeke Stream,EW,6185377,88.84,93.0,1.6,9782841,237854,9782841,0.03,0.26,0.024,1.000,14.4,0.00,F
203,Kaitawa Inlet,EW,569338,3.51,100.0,1.5,841197,6830,841197,0.05,0.35,0.008,1.000,6.2,0.00,E
204,Rakanui Inlet,EW,1888496,43.12,87.4,1.7,3142104,102156,3142104,0.02,0.20,0.033,1.000,22.8,0.00,F
205,Awaroa River,EW,2285808,162.44,81.1,1.8,4016263,490191,4016263,0.03,0.22,0.122,1.000,71.1,0.00,F
206,Oparau River,EW,1652197,131.35,85.4,1.7,2793279,387248,2793279,0.04,0.26,0.139,1.000,79.5,0.00,F
207,Mangora Inlet,EW,561788,255.71,100.0,1.5,830374,593323,830374,0.13,0.40,0.715,1.000,455.2,0.30,B
208,Te Wharu Bay,EW,1872729,3.84,100.0,1.5,2767234,7377,2767234,0.13,0.55,0.003,1.000,2.1,0.00,D
209,Kawhia Inlet,EW,52622164,53.74,68.6,1.9,102127938,117289,102127938,0.01,0.40,0.001,1.000,1.0,0.00,E
210,Kawhia Harbour System,EW,67638196,498.62,73.6,2.4,126295622,1371365,162209696,0.00,0.16,0.008,0.779,7.4,0.00,F
211,Aotea Harbour System,EW,31891708,185.28,74.1,3.2,59186968,419919,100566459,0.03,0.33,0.004,0.589,5.8,0.00,E
212,Opotoru River,EW,1815305,58.74,83.9,1.7,3078635,128475,3078635,0.00,0.22,0.042,1.000,32.4,0.00,F
213,Waitetuna Creek,EW,5131529,176.04,79.1,1.8,9057971,433940,9057971,0.01,0.29,0.048,1.000,34.3,0.00,F
214,Kerikeri/Waingaro Arm,EW,14567792,223.91,76.0,1.8,26377784,508199,26377784,0.02,0.24,0.019,1.000,15.4,0.00,F
215,Ponganui/Paihere Creeks,EW,978765,11.37,99.6,1.5,1434284,25734,1434284,0.04,0.35,0.018,1.000,11.6,0.00,E
216,Raglan Inlet,EW,9360373,52.61,46.5,2.2,20986083,112143,20986083,0.01,0.36,0.005,1.000,5.6,0.00,E
217,Raglan Harbour System,EW,31853664,522.73,69.0,0.9,60944182,1208674,27652903,0.00,0.14,0.044,2.204,16.4,0.00,F
218,Waikato River,EW,18174787,14481.08,7.7,6.4,49891290,31316401,116992603,0.01,0.13,0.268,0.426,796.8,0.25,C
219,Manukau Harbour System,ARC,365602613,1022.60,61.8,6.1,710146881,1913464,2215803524,0.00,0.15,0.001,0.320,2.8,0.00,F
220,Waitakere River,ARC,33423,39.66,88.7,1.7,51824,89689,55604,0.11,0.40,1.613,0.932,1186.6,0.56,B
221,Kaipara Harbour System,NRC/ARC,743061027,6265.87,41.9,5.4,1615117448,13592949,3992734683,0.01,0.08,0.003,0.405,8.4,0.00,F
222,Waipoua River,NRC,134637,113.66,21.7,3.2,322823,346831,428204,0.01,0.21,0.810,0.754,844.2,0.40,B
223,Waimaukau River,NRC,230951,132.47,32.0,2.9,521306,387890,678376,0.04,0.26,0.572,0.768,573.6,0.39,B
224,Hokianga Harbour System,NRC,106497969,1604.89,48.7,4.5,216172096,4274573,482972423,0.00,0.11,0.009,0.448,15.1,0.00,F
225,Whangapae Harbour System,NRC,10133520,301.39,67.1,2.4,17954810,681195,24626719,0.01,0.20,0.028,0.729,29.7,0.00,F
226,Herekino Harbour,NRC,4965966,95.04,84.3,1.7,7646102,203851,8424765,0.02,0.32,0.024,0.908,19.1,0.00,E
227,Waiatua Stream,NRC,40189,5.33,5.0,3.5,104253,11669,142421,0.08,0.43,0.082,0.732,132.6,0.00,D
228,Tanutanu Stream,NRC,171064,10.96,0.8,3.6,452892,23502,622605,0.02,0.33,0.038,0.727,64.1,0.00,E
237,Pahurehure Inlet,ARC,15213690,378.70,63.7,1.9,29153366,694954,29153366,0.01,0.14,0.024,1.000,24.9,0.00,F
238,Lucas Creek,ARC,1515016,34.89,86.9,1.5,2321528,68503,2321528,0.02,0.24,0.030,1.000,23.0,0.00,F
239,Waitangi Stream,NRC,59021,11.61,0.4,1.0,0,17734,58779,0.00,0.20,0.302,0.000,196.7,0.00,A
240,Maketu Estuary (No Kaituna River),EBOP,2182561,22.07,58.3,1.6,2639051,45792,3548524,0.01,0.41,0.013,0.744,10.1,0.00,E
241,Waitahanui Stream,EBOP,29458,113.83,0.0,2.7,50020,302844,79478,0.01,0.20,3.810,0.629,3864.1,0.16,C
242,Otaki River,WRC,162113,367.51,0.0,3.0,325037,1800703,487150,0.01,0.23,3.696,0.667,2267.0,0.21,C
243,Ohau Bay,WRC,357325,3.66,0.0,5.7,212251,6090,2038928,0.30,0.82,0.003,0.104,10.2,0.00,D
244,Mercury Bay,EW,18928818,41.07,2.5,8.5,32298500,100883,161474432,0.35,0.63,0.001,0.200,2.2,0.00,D
245,Firth of Thames,EW/ARC,716657133,543.78,15.3,2.6,1891415910,1139658,1891415910,0.15,0.70,0.001,1.000,0.8,0.00,D
246,Puhinui Creek,ARC,643080,27.23,99.9,1.4,904391,47093,904391,0.07,0.34,0.052,1.000,42.3,0.00,E
250,North Cove,ARC,565385,3.18,37.3,2.8,1089925,6439,1561974,0.09,0.43,0.004,0.698,5.6,0.00,D
251,Bon Accord Harbour,ARC,2489135,12.04,19.2,5.0,5424129,23093,12417347,0.07,0.42,0.002,0.437,4.8,0.00,E
252,South Cove Harbour,ARC,250330,2.43,30.6,2.5,511869,4431,614853,0.20,0.58,0.007,0.833,9.7,0.00,D
253,Gardiner Gap,ARC,354374,1.14,59.6,1.5,637554,1824,539215,0.23,0.59,0.003,1.182,3.2,0.00,D
254,Islington Bay,ARC,1787308,6.19,6.9,4.4,4754895,10158,7859547,0.18,0.59,0.001,0.605,3.5,0.00,D
255,Matiatia Bay,ARC,379270,1.83,2.9,4.6,988824,2715,1743905,0.16,0.81,0.002,0.567,4.8,0.00,D
256,Owhanake Bay,ARC,293058,1.15,2.3,4.8,746236,1689,1417337,0.18,0.74,0.001,0.527,3.9,0.00,D
257,Oneroa Bay,ARC,1574017,2.43,0.7,8.1,4000498,3523,12801343,0.22,0.69,0.000,0.313,1.5,0.00,D
258,Mawhitipana Bay,ARC,375598,2.18,8.8,6.1,914388,3064,2301964,0.33,0.79,0.001,0.397,5.8,0.00,D
259,Te Matuku Bay,ARC,2423205,14.40,75.9,1.2,4350612,16015,2792307,0.07,0.43,0.006,1.558,5.9,0.00,E
260,Awaawaroa Bay,ARC,2836091,14.09,28.7,3.6,7014047,17641,10223362,0.12,0.57,0.002,0.686,5.0,0.00,D
261,Rocky Bay,ARC,1241262,5.40,30.4,3.3,3000404,7675,4104300,0.16,0.77,0.002,0.731,4.4,0.00,D
262,Putiki Bay,ARC,3354500,13.34,35.5,3.0,7777440,18993,9953530,0.06,0.36,0.002,0.781,4.0,0.00,E
263,Huruhi Bay,ARC,4604301,3.23,11.7,5.7,12139148,4819,26462932,0.22,0.66,0.000,0.459,0.7,0.00,D
264,Tryphena Harbour,ARC,6425122,18.16,4.1,13.8,13082657,40282,88523586,0.18,0.61,0.000,0.148,2.8,0.00,D
265,Blind Bay,ARC,2781170,11.22,5.3,12.1,5838203,24756,33526268,0.18,0.64,0.001,0.174,4.0,0.00,D
266,Whangaparapara Harbour,ARC,1737549,13.39,13.8,12.8,3508889,29415,22180522,0.12,0.50,0.001,0.158,7.7,0.00,D
267,Port Fitzroy/Port Albercrombie,ARC,18399744,57.64,3.2,18.9,37816307,125026,347987612,0.04,0.25,0.000,0.109,3.1,0.00,F
268,Katherine Bay,ARC,3396260,18.08,3.3,8.1,6762917,38020,27574481,0.15,0.56,0.001,0.245,5.3,0.00,D
269,Rangiwhakaea Bay,ARC,909460,7.00,1.6,8.2,1700532,14528,7420318,0.24,0.68,0.002,0.229,7.7,0.00,D
270,Whangapoua Creek,ARC,2789750,30.72,94.0,1.1,2767183,65265,2935405,0.07,0.56,0.022,0.943,11.0,0.00,E
271,Awana Bay,ARC,62979,32.66,0.0,2.9,116826,70389,179805,0.02,0.34,0.391,0.650,518.6,0.00,C
272,Kaitoke Creek,ARC,124208,17.80,30.5,2.3,195257,38743,281570,0.04,0.32,0.138,0.693,143.3,0.00,E
1001,Port Underwood,NMRC,24497807.71,38.86,1.2,12.0,30943063,82891,294283650,0.04,0.33,0.000,0.105,1.6,0.00,E
1002,Wairau River,NMRC,16056402.03,4164.77,20.0,2.8,18842997,8749566,44539663,0.00,0.13,0.196,0.423,259.4,0.12,F
1003,Awatere River,NMRC,86740.48,1573.13,11.7,2.2,110648,2382576,187275,0.01,0.30,12.722,0.591,18136.1,0.29,C
1004,Lake Grassmere,NMRC,13675801.89,62.50,0.0,1.0,0,55869,13675802,0.00,0.31,0.004,0.000,4.6,0.00,A
1005,Waiau River,CRC,480899,3324.66,0.4,2.4,696703,7118881,1175582,0.00,0.21,6.056,0.593,6913.4,0.17,C
1006,Hurunui River,CRC,178551.76,2678.48,0.0,2.5,270542,5031291,449093,0.02,0.23,11.203,0.602,15001.1,0.23,C
1007,Waipara River,CRC,114675.7,728.90,2.8,2.7,194307,839902,305806,0.00,0.22,2.747,0.635,6356.2,0.07,C
1008,Ashley River,CRC,1522496.45,1308.78,78.4,1.5,1613564,1798778,2272805,0.02,0.24,0.791,0.710,859.6,0.06,C
1009,Waimakariri River,CRC,2725134.44,3546.31,44.7,2.5,3733531,7991022,6746439,0.02,0.22,1.184,0.553,1301.3,0.15,C
1010,Avon-Heathcote River,CRC,7467153.59,211.12,66.5,1.9,8942222,202910,13948201,0.00,0.21,0.015,0.641,28.3,0.00,F
1011,Lyttelton Harbour,CRC,42485267.58,106.40,16.2,5.7,70438844,183359,242920351,0.03,0.30,0.001,0.290,2.5,0.00,E
1012,Port Levy,CRC,8187964.02,58.12,2.0,7.4,14590656,124152,60344379,0.10,0.50,0.002,0.242,7.1,0.00,D
1013,Blind/Big Bay,CRC,1082396.48,6.55,0.9,9.6,1926326,9193,10379143,0.20,0.66,0.001,0.186,6.1,0.00,D
1014,Little Pigeon Bay,CRC,476573.83,4.46,0.0,8.3,851828,6660,3979252,0.20,0.57,0.002,0.214,9.4,0.00,D
1015,Pigeon Bay,CRC,8968720.07,55.76,0.3,9.4,15989724,121529,84010556,0.08,0.53,0.001,0.190,6.2,0.00,D
1016,Scrubby Bay,CRC,304646.08,2.30,3.9,6.6,532413,3299,1996237,0.23,0.79,0.002,0.267,7.5,0.00,D
1017,Menzies Bay,CRC,1023157.29,8.71,0.9,8.7,1812483,14026,8854248,0.22,0.64,0.002,0.205,8.5,0.00,D
1018,Decanter Bay,CRC,829922.63,7.67,0.0,6.8,1475602,13079,5642346,0.17,0.71,0.002,0.262,9.2,0.00,D
1019,Little Akaloa Bay,CRC,1856330.04,18.49,3.9,6.4,3233941,37349,11800533,0.13,0.71,0.003,0.274,10.0,0.00,D
1020,Okains Bay,CRC,3654653.62,33.40,2.3,5.0,6419886,71953,18315425,0.12,0.56,0.004,0.351,9.1,0.00,D
1021,Lavericks Bay,CRC,445893.71,9.97,11.5,6.1,746580,21566,2719883,0.19,0.77,0.008,0.274,22.4,0.00,D
1022,Le Bons Bay,CRC,2292511.39,27.25,6.3,6.2,3938326,60912,14287266,0.13,0.67,0.004,0.276,11.9,0.00,D
1023,Otanerito Bay,CRC,646767.76,11.17,0.2,6.8,1149306,25213,4377324,0.15,0.69,0.006,0.263,17.3,0.00,D
1024,Sleepy Bay,CRC,178049.64,2.88,3.4,6.6,311499,6448,1171835,0.19,0.72,0.006,0.266,16.2,0.00,D
1025,Stony Bay,CRC,278286.24,7.05,1.8,6.7,490309,15897,1856834,0.22,0.78,0.009,0.264,25.3,0.00,D
1026,Flea Bay,CRC,685292.16,10.16,1.3,9.7,1205445,22800,6617243,0.13,0.66,0.003,0.182,14.8,0.00,D
1027,Damons Bay,CRC,693517.75,5.74,0.0,14.6,1227804,12635,10108813,0.14,0.65,0.001,0.121,8.3,0.00,D
1028,Akaroa Harbour,CRC,43015469.28,127.50,3.2,10.6,75076211,288469,455980646,0.03,0.38,0.001,0.165,3.0,0.00,E
1029,Island Bay,CRC,201848.56,4.28,0.0,9.1,357393,9322,1842196,0.14,0.64,0.005,0.194,21.2,0.00,D
1030,Long Bay,CRC,837416.11,7.67,0.5,6.9,1480823,16939,5739598,0.25,0.62,0.003,0.258,9.2,0.00,D
1031,Horseshoe Bay,CRC,1024273.21,8.59,0.4,10.8,1961739,18870,11022650,0.23,0.57,0.002,0.178,8.4,0.00,D
1032,Peraki Bay,CRC,1183457.16,18.05,1.4,7.1,2088307,40755,8392199,0.14,0.65,0.005,0.249,15.3,0.00,D
1033,Te Oka Bay,CRC,762040.73,9.12,1.6,5.7,1346473,20434,4347854,0.20,0.61,0.005,0.310,12.0,0.00,D
1034,Tumbledown Bay,CRC,172288.63,4.92,5.7,4.7,298381,10947,804808,0.19,0.74,0.014,0.371,28.5,0.00,D
1035,Lake Forsyth,CRC,5594633.35,109.39,1.5,1.0,0,244993,5512392,0.00,0.45,0.044,0.000,19.6,0.00,A
1036,Lake Ellesmere (Waihora),CRC,198162340.9,2634.71,9.6,0.9,0,2973178,179138756,0.00,0.33,0.017,0.000,13.3,0.00,A
1037,Rakaia River,CRC,610015.64,2860.87,2.0,2.7,1072729,8388015,1670605,0.01,0.25,5.021,0.642,4689.8,0.03,C
1038,Ashburton River,CRC,42257.76,1654.68,3.1,2.7,73445,3103659,114401,0.00,0.36,27.130,0.642,39156.9,0.15,C
1039,Rangitata River,CRC,79040.06,1714.98,0.9,2.7,137630,5567508,215935,0.02,0.32,25.783,0.637,21697.6,0.02,C
1040,Opihi River,CRC,160448.32,2372.78,0.8,2.7,278647,3003662,437747,0.01,0.24,6.862,0.637,14788.5,0.05,C
1041,Washdyke Lagoon,CRC,230546.1,96.81,0.1,1.0,0,78617,230269,0.00,0.54,0.341,0.000,419.9,0.00,A
1042,Saltwater Creek,CRC,109627.14,45.98,0.0,1.0,0,35924,109594,0.00,0.22,0.328,0.000,419.4,0.24,A
1044,Wainono Lagoon,ORC,3984960.45,167.79,4.8,1.0,0,146213,3792088,0.00,0.53,0.039,0.000,42.1,0.00,A
1045,Waihao River,ORC,358476.42,658.76,0.0,1.0,0,671639,358476,0.00,0.15,1.874,0.000,1837.7,0.14,A
1046,Waitaki River,ORC,585708.68,11947.01,3.1,2.6,932411,24903965,1499963,0.01,0.28,16.603,0.622,20397.5,0.05,C
1047,Kakanui River,ORC,190706.67,886.75,0.0,2.6,308411,1008766,499117,0.01,0.27,2.021,0.618,4649.8,0.38,B
1048,Orore Creek,ORC,84795.14,17.62,0.1,1.0,0,15147,84727,0.00,0.29,0.179,0.000,207.7,0.00,A
1049,Shag River,ORC,726203.83,541.33,63.1,1.8,796648,592345,1332877,0.00,0.20,0.444,0.598,745.4,0.27,C
1050,Stony Creek,ORC,155168.82,9.10,87.0,1.0,140673,7762,160907,0.02,0.45,0.048,0.874,58.7,0.00,E
1051,Pleasant River,ORC,973104.77,125.70,75.8,1.5,971541,110721,1443302,0.00,0.24,0.077,0.673,129.2,0.00,F
1052,Waikouaiti Lagoon,ORC,494177.67,17.92,95.0,0.1,0,15153,24857,0.02,0.50,0.610,0.000,36.3,0.00,A
1053,Waikouaiti River,ORC,1272546.53,421.40,67.7,1.7,1359584,457551,2180631,0.00,0.20,0.210,0.623,331.1,0.20,F
1054,Blueskin Bay,ORC,6230597.06,90.64,85.8,1.2,5787209,130457,7559191,0.01,0.43,0.017,0.766,14.5,0.00,E
1055,Purakunui Inlet,ORC,1130231.35,8.88,88.2,1.1,1027041,10956,1294680,0.01,0.53,0.008,0.793,7.9,0.00,E
1056,Otago Harbour,ORC,47912396.08,115.60,45.3,3.9,60304035,164671,184773975,0.01,0.30,0.001,0.326,2.4,0.00,E
1057,Papanui Inlet,ORC,3629213.62,10.81,89.9,1.1,3237684,12225,3968608,0.04,0.63,0.003,0.816,3.0,0.00,E
1058,Hoopers Inlet,ORC,3750747.6,8.46,94.8,1.0,3246593,9389,3636671,0.02,0.56,0.003,0.893,2.3,0.00,E
1059,Tomahawk Lagoon,ORC,197138.46,4.89,1.7,1.0,0,5445,193787,0.03,0.57,0.028,0.000,24.8,0.00,A
1060,Kaikorai Stream,ORC,640559.98,49.14,14.2,3.3,1001228,58088,2100301,0.07,0.27,0.028,0.477,76.7,0.30,F
1061,Taieri River,ORC,1559802.23,5702.70,10.0,2.5,2511015,6056860,3915461,0.03,0.27,1.547,0.641,3656.0,0.42,B
1062,Akatore Creek,ORC,328983.08,68.50,34.1,2.7,462359,77752,895893,0.04,0.27,0.087,0.516,208.2,0.29,F
1063,Tokomairiro River,ORC,600104.16,394.99,51.1,1.8,765229,447529,1058980,0.01,0.24,0.423,0.723,658.2,0.34,B
1064,Clutha River,ORC,6201797.18,21062.45,5.4,2.6,10535431,39999326,16401711,0.01,0.08,2.439,0.642,3396.2,0.29,C
1066,Catlins River,ORC,7868741.12,401.72,65.5,1.9,9328222,641358,14762375,0.03,0.34,0.043,0.632,51.1,0.37,E
1067,Tahakopa River,ORC,860340.48,310.01,30.9,2.3,1345484,621423,1939721,0.01,0.20,0.320,0.694,360.3,0.43,B
1068,Tautuku River,ORC,650184.54,61.14,61.5,2.1,838250,104767,1338632,0.03,0.39,0.078,0.626,94.0,0.00,E
1069,Waipati Estuary,ORC,459475.69,58.87,33.8,2.9,722401,102832,1330563,0.01,0.27,0.077,0.543,128.1,0.00,F
1070,Waikawa Harbour,ORC,6422281.72,240.96,82.4,1.5,7574506,425765,9835149,0.01,0.36,0.043,0.770,37.5,0.00,E
1071,Haldane Estuary,ORC,1886749.77,69.81,92.8,1.2,2064020,118500,2337221,0.02,0.50,0.051,0.883,37.0,0.00,E
1072,Lake Brunton,ORC,258531.5,13.14,0.0,1.0,0,22164,258506,0.00,0.54,0.086,0.000,50.8,0.00,A
1073,Toetoes Harbour,ORC,4745902.69,5638.86,30.8,2.5,8589338,9235000,11871604,0.00,0.14,0.778,0.724,1188.2,0.21,C
1074,Waituna Lagoon,ORC,13590092.96,187.29,7.4,0.9,0,299242,12588503,0.00,0.31,0.024,0.000,13.8,0.00,A
1075,Bluff Harbour,SRC,54580550.88,99.17,52.2,2.2,89628434,152628,121988796,0.01,0.28,0.001,0.735,1.8,0.00,F
1076,New River Estuary,SRC,39823925.45,3947.95,41.9,1.5,69607863,6536643,60268977,0.01,0.16,0.108,1.155,99.1,0.00,F
1077,Jacobs River Estuary,ORC,6697055.98,1570.12,66.1,2.2,10151391,2436035,14697352,0.01,0.29,0.166,0.691,234.4,0.00,F
1078,Waiau River,SRC,758127.27,8257.54,1.5,2.4,1092669,36764655,1839804,0.01,0.18,19.983,0.594,10892.0,0.02,C
1079,Big River (Lake Hakapoua),SRC,5491383.52,147.06,0.4,6.9,10688413,910390,38038249,0.02,0.32,0.024,0.281,26.8,0.00,E
1080,Preservation Inlet,SRC,93730441.48,461.84,1.2,77.9,180913302,3473676,7298729976,0.01,0.17,0.000,0.025,4.9,0.00,G
1080.1,Chalky Inlet,SRC,109273631.2,399.79,0.2,116.5,208778230,3007004,12729611785,0.02,0.19,0.000,0.016,3.7,0.00,H
1081,Breaksea/Dusky Sound,SRC,283599043.8,1120.21,0.5,107.2,515651976,12289926,30389041529,0.01,0.10,0.000,0.017,3.9,0.00,H
1082,Coal River,SRC,3211095.54,64.75,2.3,13.7,5814735,609193,44113235,0.19,0.63,0.014,0.132,20.2,0.00,D
1083,Dagg Sound,SRC,15508680.6,84.79,0.8,50.2,28394024,786569,778194350,0.05,0.26,0.001,0.036,5.5,0.00,G
1084,Thompson/Doubtful sound,SRC,137338631.8,963.40,0.8,138.2,254867547,10777107,18978270538,0.00,0.13,0.001,0.013,7.0,0.00,G
1085,Nancy Sound,SRC,14511728.94,78.15,0.1,99.3,27117750,823819,1440801049,0.04,0.33,0.001,0.019,5.4,0.00,G
1086,Charles Sound,SRC,16444158.31,254.32,3.7,60.2,30317543,3173835,990184689,0.03,0.23,0.003,0.031,15.5,0.00,G
1087,Caswell Sound,SRC,17653252.69,266.18,0.0,141.1,33290705,3237609,2491218702,0.04,0.34,0.001,0.013,15.1,0.00,G
1088,Two Thumb Bay,SRC,1219054.79,34.21,2.0,6.9,2280973,310146,8435863,0.07,0.21,0.037,0.270,28.1,0.00,F
1089,Looking Glass Bay,SRC,1426614.02,13.43,2.6,12.1,2666036,121587,17270010,0.10,0.75,0.007,0.154,9.4,0.00,D
1090,George Sound,SRC,30964824.6,261.17,0.1,106.7,58967636,2815090,3304945089,0.02,0.30,0.001,0.018,8.4,0.00,G
1091,Catseye Bay,SRC,856963.19,34.32,4.8,5.9,1594832,312981,5013355,0.10,0.38,0.062,0.318,40.1,0.00,D
1092,Bligh Sound,SRC,21079337.19,185.08,1.6,69.4,39994109,2071551,1462615962,0.06,0.34,0.001,0.027,8.8,0.00,G
1093,Sutherland Sound,SRC,10839660.34,161.87,2.1,10.5,20562346,1915193,114358227,0.08,0.31,0.017,0.180,14.9,0.00,D
1094,Poison Bay,SRC,8398822.3,66.45,0.4,38.3,16135457,621368,321672860,0.15,0.59,0.002,0.050,7.9,0.00,G
1095,Milford Sound,SRC,28402479.85,539.35,1.2,126.0,54781767,6081658,3579420379,0.07,0.31,0.002,0.015,19.0,0.00,G
1096,Hollyford River,SRC,1592028.77,1108.89,1.8,2.9,3103811,12025913,4667024,0.01,0.22,2.577,0.665,696.5,0.34,B
1097,Awarua River,SRC,115480.38,60.90,0.0,4.0,228836,496795,459797,0.06,0.34,1.080,0.498,527.4,0.48,B
1098,Cascade River,WCRC,954809.24,436.94,1.4,3.0,1931803,4809630,2873150,0.05,0.22,1.674,0.672,457.6,0.45,B
1099,Waiatoto River,WCRC,1379780.93,535.60,12.0,2.9,2732735,6326373,3946666,0.01,0.17,1.603,0.692,388.2,0.25,C
1100,Okuru River,WCRC,1679548.07,514.31,25.1,2.6,3128239,5265611,4386557,0.00,0.15,1.200,0.713,306.2,0.16,C
1101,Waita River,WCRC,230973.05,137.55,21.4,2.7,445784,940544,627421,0.01,0.18,1.499,0.711,595.5,0.21,C
1102,Moeraki River (Blue River),WCRC,62969.73,106.71,1.1,3.2,136992,1007898,199244,0.02,0.27,5.059,0.688,1694.6,0.33,B
1103,Paringa River,WCRC,448265.25,363.73,5.5,3.1,972465,3679060,1395896,0.01,0.19,2.636,0.697,811.4,0.33,B
1104,Ohinemaka River,WCRC,97569.24,79.58,0.0,3.2,219375,548359,316944,0.03,0.24,1.730,0.692,815.7,0.33,B
1105,Mahitahi River,WCRC,373942.99,209.42,5.0,3.2,828911,2330783,1184195,0.02,0.24,1.968,0.700,560.0,0.44,B
1106,Makawhio River (Jacobs River),WCRC,620927.38,165.95,18.5,2.9,1285453,1645218,1791819,0.00,0.26,0.918,0.717,267.3,0.42,B
1107,Manakaiaua River,WCRC,233230.67,57.36,2.9,3.2,525427,375504,751847,0.01,0.14,0.499,0.699,245.9,0.27,C
1108,Ohinetamatatea  River (Saltwater Creek),WCRC,125706.72,107.32,3.4,3.2,283366,668689,404773,0.02,0.23,1.652,0.700,853.7,0.37,B
1109,Three Mile Lagoon,WCRC,843372.47,24.91,58.3,0.4,0,123861,351518,0.00,0.40,0.352,0.000,29.5,0.15,A
1110,Okarito Lagoon,WCRC,21655253.2,277.82,13.8,0.9,0,1666953,18664663,0.00,0.27,0.089,0.000,12.8,0.08,A
1111,Saltwater Lagoon,WCRC,7892959.1,11.40,4.5,1.0,0,47596,7538565,0.00,0.49,0.006,0.000,1.4,0.00,A
1112,Poerua River (Hikimutu Lagoon),WCRC,347812.17,256.55,0.0,3.4,847270,1525394,1195083,0.01,0.19,1.276,0.709,737.6,0.09,C
1113,Duffers Creek/Rahotaiepa River,WCRC,192633.64,73.69,0.2,1.0,0,336968,192306,0.02,0.13,1.752,0.000,382.5,0.07,A
1114,Waitaha River,WCRC,257346.34,318.30,21.6,3.0,576737,3170404,778394,0.04,0.23,4.073,0.741,1236.9,0.26,C
1115,Mikonui River,WCRC,63334.69,156.67,18.2,3.1,145017,1506617,196813,0.01,0.27,7.655,0.737,2473.7,0.48,B
1116,Totara River,WCRC,939266.83,140.83,0.6,4.7,2577812,742795,4445826,0.00,0.09,0.167,0.580,149.9,0.01,F
1117,Taramakau River,WCRC,939566.56,996.95,21.6,3.1,2136444,6860502,2873440,0.03,0.23,2.388,0.744,1061.1,0.29,C
1118,New River,WCRC,211551.31,142.46,0.0,4.6,540852,626339,963955,0.01,0.16,0.650,0.561,673.4,0.10,C
1119,Grey River,WCRC,1076103.38,3951.67,0.0,1.9,2768168,16837116,2040072,0.01,0.17,8.253,1.357,3672.2,0.22,C
1120,Deverys Creek,WCRC,142835.11,10.54,0.1,1.0,0,40147,142735,0.01,0.41,0.281,0.000,73.8,0.00,A
1121,Punakaiki River,WCRC,53772.99,59.66,0.0,4.7,143197,357736,250711,0.03,0.32,1.427,0.571,1109.6,0.46,B
1122,Pororari River,WCRC,113372.11,103.80,4.7,3.6,295821,638086,403921,0.01,0.31,1.580,0.732,915.5,0.39,B
1123,Waitakere River (Nile River),WCRC,63970.64,126.96,0.3,3.7,175064,837513,238869,0.02,0.28,3.506,0.733,1984.7,0.31,B
1124,Totara River,WCRC,103342.29,107.88,8.3,3.6,272601,613823,367356,0.06,0.24,1.671,0.742,1043.9,0.25,C
1125,Okari Lagoon,WCRC,1441277.64,78.75,71.2,2.4,2568110,306628,3398574,0.02,0.33,0.090,0.756,54.6,0.00,E
1126,Buller River,WCRC,2385951.97,6396.40,11.0,2.1,6472755,24058167,5126165,0.01,0.21,4.693,1.263,2680.9,0.34,B
1127,Orowaiti Lagoon,WCRC,1851710.91,43.22,71.2,2.4,3453038,153010,4519994,0.01,0.25,0.034,0.764,23.3,0.00,F
1128,Jones Creek,WCRC,63771.33,20.69,6.1,0.9,0,99226,59875,0.00,0.20,1.657,0.000,324.4,0.00,A
1129,Mohikinui River,WCRC,424052.43,751.36,13.7,3.6,1160869,4743326,1526954,0.03,0.34,3.106,0.760,1771.9,0.44,B
1130,Ngakawau River,WCRC,107744.41,194.61,13.6,3.6,293982,1354471,387127,0.02,0.37,3.499,0.759,1806.2,0.41,B
1131,Little Wanganui River,WCRC,385491.73,212.74,29.3,3.2,976400,937225,1248904,0.01,0.25,0.750,0.782,551.9,0.34,B
1132,Karamea River,WCRC,3968691.1,1306.82,67.6,2.6,7809114,8257838,10378445,0.02,0.21,0.796,0.752,329.3,0.13,C
1133,Oparara River,WCRC,760271.85,149.92,49.6,3.2,1701331,806399,2468446,0.01,0.29,0.327,0.689,197.2,0.15,C
1134,Heaphy River,WCRC,101242.56,298.05,2.9,3.9,298221,1994463,396497,0.03,0.33,5.030,0.752,2944.0,0.38,B
1135,Big River,NMRC,248896.94,111.46,50.9,3.3,565975,889121,810541,0.03,0.44,1.097,0.698,447.8,0.39,B
1136,Anaweka River,NMRC,508097.69,30.17,71.8,2.5,995741,208344,1282105,0.04,0.36,0.163,0.777,59.4,0.28,E
1137,Turimawiwi River,NMRC,49139.13,58.50,41.0,3.0,119681,381669,148683,0.04,0.40,2.567,0.805,1190.4,0.46,B
1138,Anatori River,NMRC,94212.39,74.17,25.1,3.4,253436,402827,324039,0.04,0.38,1.243,0.782,787.2,0.42,B
1139,Paturau River,NMRC,42228.73,76.69,1.9,4.0,129184,344068,170602,0.03,0.27,2.017,0.757,1816.1,0.44,B
1140,Whanganui Inlet,NMRC,25077711.8,87.50,79.2,1.2,47196180,276094,29669037,0.01,0.19,0.009,1.591,3.5,0.00,F
1141,Green Hills Stream,NMRC,154183.82,7.09,8.8,7.6,465232,15103,1168618,0.15,0.45,0.013,0.398,46.0,0.00,D
1142,Port Puponga,NMRC,285327.54,5.07,57.6,3.5,751378,10086,993507,0.02,0.53,0.010,0.756,17.8,0.00,E
1143,Pakawau Inlet,NMRC,741806.45,7.51,100.0,1.8,1365591,17699,1365591,0.01,0.57,0.013,1.000,10.1,0.00,E
1144,Waikato Estuary,NMRC,206242.63,3.23,100.0,1.8,378435,9162,378435,0.05,0.38,0.024,1.000,15.7,0.00,E
1145,Ruataniwha Inlet,NMRC,6614557.45,712.40,88.5,2.3,13502253,4862693,15028893,0.04,0.24,0.324,0.898,107.7,0.07,C
1145.5,Parapara Inlet,NMRC,1825759.73,42.98,91.9,2.1,3603422,293355,3899560,0.02,0.39,0.075,0.924,23.5,0.00,E
1146,Onahau River,NMRC,351027.69,22.38,96.3,2.0,660161,59132,685996,0.01,0.51,0.086,0.962,63.8,0.00,E
1147,Takaka River,NMRC,242502.46,878.17,4.6,4.5,858318,3502381,1089762,0.02,0.17,3.214,0.788,3621.3,0.00,C
1148,Takaka Estuary,NMRC,723809.97,6.86,59.7,3.3,1838124,15604,2421804,0.02,0.27,0.006,0.759,9.5,0.00,F
1149,Motupipi River,NMRC,1208973.29,43.54,82.5,2.5,2565294,100163,2988676,0.03,0.30,0.034,0.858,36.0,0.00,E
1150,Ligar Bay,NMRC,357140.85,3.98,52.9,3.6,943945,9012,1280300,0.15,0.50,0.007,0.737,11.1,0.00,D
1151,Wainui Inlet,NMRC,1826363.79,41.01,82.9,2.4,3819984,93179,4444235,0.03,0.58,0.021,0.860,22.5,0.00,E
1152,Totaranui Stream,NMRC,132510.51,8.33,99.8,1.8,232247,18843,232910,0.02,0.65,0.081,0.997,62.8,0.00,E
1153,Awaroa Inlet,NMRC,2348483.95,67.91,98.2,1.8,4175182,153788,4258318,0.01,0.26,0.036,0.980,28.9,0.00,F
1154,Bark Bay,NMRC,512394.23,7.37,26.1,3.9,1567546,16698,1988990,0.15,0.59,0.008,0.788,14.4,0.28,D
1155,Sandfly Bay,NMRC,72488.62,21.50,84.8,2.3,147098,48689,169163,0.04,0.48,0.288,0.870,296.6,0.25,C
1156,Frenchman Bay,NMRC,51285.57,1.55,90.5,2.1,99022,3524,108745,0.08,0.43,0.032,0.911,30.3,0.00,D
1157,Torrent Bay,NMRC,1650880.56,16.10,28.4,4.3,4999772,36429,7062550,0.11,0.46,0.005,0.708,9.8,0.00,D
1158,Marahau River,NMRC,193843.87,27.36,100.0,1.8,347155,61850,347155,0.07,0.41,0.178,1.000,141.1,0.13,E
1159,Otuwhero Inlet,NMRC,894187.78,53.60,74.1,2.8,2016584,128918,2479236,0.05,0.47,0.052,0.813,59.9,0.00,E
1160,Kaiteretere Estuary,NMRC,173585.69,3.44,88.4,2.2,347700,7195,388111,0.02,0.53,0.019,0.896,19.8,0.00,E
1161,Ferrer Creek,NMRC,204941.1,14.63,94.4,2.0,390236,29814,413107,0.09,0.41,0.072,0.945,71.4,0.00,D
1162,Motueka River,NMRC,299438.96,2056.12,0.7,4.6,1075640,5491681,1372982,0.05,0.33,4.000,0.783,6866.6,0.29,C
1163,Motueka Estuary North,NMRC,452906.28,7.46,83.1,2.4,955470,13515,1108643,0.03,0.30,0.012,0.862,16.5,0.00,E
1164,Motueka Estuary South,NMRC,1555521.65,0.91,80.5,2.6,3363777,1622,3971053,0.15,0.61,0.000,0.847,0.6,0.00,D
1165,Moutere Inlet,NMRC,6850955.16,187.19,58.7,0.2,17558583,306875,1336733,0.02,0.20,0.230,13.135,27.3,0.00,F
1166,Waimea Inlet,NMRC,29327435.32,933.06,58.9,3.4,75693684,2092663,99818432,0.02,0.20,0.021,0.758,31.8,0.00,F
1167,Tahunanuiu Estuary,NMRC,200997.21,10.15,46.6,3.9,563047,15869,777752,0.02,0.55,0.020,0.724,50.5,0.00,E
1168,Nelson Haven,NMRC,12629812.55,129.13,65.9,3.0,30800259,267588,37895215,0.02,0.42,0.007,0.813,10.2,0.00,E
1169,Deleware Estuary,NMRC,3098531.81,93.39,93.0,2.0,5835251,193447,6270285,0.01,0.34,0.031,0.931,30.1,0.00,E
1170,Whangamoa River,NMRC,418739.02,95.32,76.1,2.6,902338,210495,1102327,0.02,0.29,0.191,0.819,227.6,0.00,F
1171,Croisilles Harbour,NMRC,44436404.79,77.66,4.4,12.2,148516116,175418,542110837,0.09,0.35,0.000,0.274,1.7,0.00,D
1176,Manuhakapakapa Bay,NMRC,3388205.63,11.42,0.6,11.5,11199557,22559,38963827,0.19,0.59,0.001,0.287,3.4,0.00,D
1177,Greville Harbour,NMRC,11902895.05,44.99,1.0,10.8,37948037,81600,128671344,0.06,0.35,0.001,0.295,3.8,0.00,E
1178,Otu Bay,NMRC,1121052.19,11.82,0.9,8.3,3383235,20683,9254589,0.09,0.58,0.002,0.366,10.5,0.00,D
1179,Port Hardy,NMRC,27185275.41,39.98,0.0,18.2,78258581,68390,493577463,0.08,0.28,0.000,0.159,1.5,0.00,F
1180,Catherine Cove,NMRC,3979809.9,7.99,0.2,24.6,9603071,14113,97906969,0.14,0.68,0.000,0.098,2.0,0.00,D
1181,Admiralty Bay,NMRC,16430275.55,12.69,0.1,36.7,39831357,27502,603705437,0.17,0.66,0.000,0.066,0.8,0.00,H
1182,Pelorous/Kenepuru Sound,NMRC,434659662.1,1734.18,2.8,26.1,932042778,4523650,11325992741,0.02,0.12,0.000,0.082,4.0,0.00,H
1183,Port Gore,NMRC,55306920.64,34.27,0.0,25.8,98899835,72315,1428727491,0.15,0.57,0.000,0.069,0.6,0.00,H
1184,Queen Charlotte Sound (Totaranui),NMRC,306143184.7,341.59,0.7,31.4,455510181,773973,9614466079,0.03,0.14,0.000,0.047,1.1,0.00,H
1185,Waitokariro Lagoon,SRC,228529.25,0.00,0.1,1.0,0,0,228301,0.00,0.84,0.000,0.000,0.0,0.00,A
1186,Lagoon Bay,SRC,1908772.35,0.00,3.3,9.3,3928942,0,17698120,0.16,0.60,0.000,0.222,0.0,0.00,D
1187,Port William,SRC,2025797.86,20.51,5.5,7.2,3674593,32709,14611959,0.19,0.68,0.002,0.251,10.1,0.00,D
1188,Horseshoe Bay,SRC,1246305.09,2.99,4.7,7.0,2335092,3385,8777944,0.16,0.71,0.000,0.266,2.4,0.00,D
1189,Halfmoon Bay,SRC,2240197.89,8.89,1.7,8.1,4309714,10056,18062281,0.16,0.55,0.001,0.239,4.0,0.00,D
1190,Patterson Inlet/Big Glory Bay,SRC,99858348.47,567.98,10.4,13.1,187284996,1762678,1305403080,0.02,0.18,0.001,0.143,5.7,0.00,F
1191,Pikaroro Bay,SRC,993857.02,4.15,1.4,8.4,2075764,4694,8300369,0.22,0.72,0.001,0.250,4.2,0.00,D
1192,Adventure Bay,SRC,6926993.01,57.15,1.4,14.5,14666882,73332,100707961,0.06,0.39,0.001,0.146,8.2,0.00,E
1193,Tikotatahi Bay,SRC,9466134.94,15.11,0.7,18.4,20497228,17081,174085582,0.15,0.41,0.000,0.118,1.6,0.00,D
1195,Lords River,SRC,2435773.43,89.84,4.9,6.4,5238282,187833,15496144,0.02,0.22,0.012,0.338,36.9,0.00,F
1196,Big Kuri Bay,SRC,880419.18,6.19,0.9,12.3,1986904,14017,10822522,0.16,0.56,0.001,0.184,7.0,0.00,D
1197,Toitoi Bay,SRC,556630.51,124.26,0.0,8.4,1265889,303690,4665011,0.05,0.21,0.065,0.271,223.2,0.00,F
1198,Seal Bay,SRC,430211.29,22.57,0.0,8.0,968061,76637,3449447,0.21,0.76,0.022,0.281,52.5,0.00,D
1199,Port Pegasus,SRC,27007323.32,124.87,3.2,20.7,60026595,526739,558794947,0.03,0.15,0.001,0.107,4.6,0.00,F
1200,Small Craft Retreat,SRC,484902.43,3.85,0.0,3.8,1089091,13072,1827066,0.14,0.46,0.007,0.596,7.9,0.00,D
1201,Broad Bay,SRC,6853312.47,14.45,0.6,23.7,15203033,50388,162598407,0.13,0.40,0.000,0.094,2.1,0.00,D
1202,Flour Cask,SRC,1533754.58,8.09,0.0,19.3,3330088,27920,29612372,0.23,0.59,0.001,0.112,5.3,0.00,D
1203,Easy Harbour,SRC,1038573.03,2.55,1.7,6.9,1989769,8762,7185971,0.06,0.38,0.001,0.277,2.5,0.00,E
1204,Three Legged Woodhen,SRC,664299.89,6.83,3.2,11.3,1253406,23174,7486847,0.20,0.69,0.003,0.167,10.3,0.00,D
1205,Doughboy Bay,SRC,9018539.49,102.94,2.3,17.3,16854371,432792,155640831,0.15,0.44,0.003,0.108,11.4,0.00,D
1206,Lake Wakauia,CIDC,399757.18,10.21,0.0,1.0,0,0,399717,0.00,0.62,0.000,0.000,25.5,0.00,A
1207,Lake Pateriki,CIDC,1319906.68,5.36,0.1,1.0,0,0,1318323,0.00,0.92,0.000,0.000,4.1,0.00,A
1209,Te Whanga Lagoon,CIDC,202897228.6,234.19,47.1,0.5,0,0,107271765,0.00,0.32,0.000,0.000,1.2,0.00,A
1210,Whangatete Inlet,CIDC,677801.26,2.72,1.8,5.6,452100,0,3780782,0.25,0.74,0.000,0.120,4.0,0.00,D
1211,Whangamoa Inlet,CIDC,1042747.13,5.32,2.2,5.6,694155,0,5794752,0.24,0.70,0.000,0.120,5.1,0.00,D
1212,Port Hutt (Whangaroa Harbour),CIDC,1170918.21,5.40,2.2,9.2,779478,0,10824179,0.21,0.74,0.000,0.072,4.6,0.00,H
1213,Ocean Bay,CIDC,3160275.15,11.94,0.0,17.5,2126865,0,55164363,0.27,0.66,0.000,0.039,3.8,0.00,H
1214,Te Koparupau Bay,CIDC,871346.03,2.67,0.0,5.7,602797,0,4959527,0.23,0.64,0.000,0.122,3.1,0.00,D
1221,Onekaka Inlet,CIDC,182802.33,18.72,90.2,2.2,365553,54642,401345,0.07,0.63,0.136,0.911,102.4,0.00,E
